type,param,psnr,ssim,bit_error_rate
JPEG,90,57.11756602262662,0.9992782098518325,0.50439453125
JPEG,70,48.9798570758071,0.996698495057712,0.51318359375
JPEG,50,46.53736737671152,0.9952693223918586,0.51318359375
Noise,5,36.00882934263453,0.8531658736479387,0.51220703125
Noise,10,30.29069231357896,0.6212623456260418,0.49853515625
