type,param,psnr,ssim,bit_error_rate
JPEG,90,57.1327061628303,0.9992824740214472,0.50927734375
JPEG,70,48.97738246330765,0.9966982677419711,0.51025390625
JPEG,50,46.536427125944456,0.9952704495827726,0.51025390625
Noise,5,35.999218240527725,0.8526295885353962,0.50146484375
Noise,10,30.294782315606543,0.6216143264553214,0.47998046875
