type,param,psnr,ssim,bit_error_rate
JPEG,90,57.1461239982964,0.9992874558528296,0.51416015625
JPEG,70,48.97408517183748,0.9967010421387063,0.51611328125
JPEG,50,46.536427125944456,0.9952704495827726,0.51611328125
Noise,5,35.99210548990682,0.8525589523304231,0.49658203125
Noise,10,30.292958014211088,0.6213968186653678,0.50830078125
