payload_bytes,psnr_db
256,61.39995525928269
256,61.40040544533254
256,61.41077262522575
256,61.40536057428098
256,61.40400861469165
256,61.42750236567466
256,61.416191428926254
256,61.40851678431744
256,61.42931485245314
256,61.4143844096797
