payload_bytes,psnr_db
256,61.427955416459454
256,61.40265707583665
256,61.40536057428098
256,61.41845126081148
256,61.39950511989391
256,61.41845126081148
256,61.399055027156535
256,61.41573960362216
256,61.412126692422035
256,61.408065756710954
