message_size_bytes,encrypt_time_ms,decrypt_time_ms
50,6.578659993829206,93.64097999059595
100,2.323880000039935,91.36485999333672
150,2.866739995079115,98.17650000914
190,2.0599800045602024,88.07962000719272
