message_size_bytes,encrypt_time_ms,decrypt_time_ms
50,7.045759994070977,105.28443999355659
100,2.0620399969629943,84.19895999832079
150,2.309999999124557,88.80129999597557
190,2.0973000035155565,88.84398000664078
