message_size_bytes,encrypt_time_ms,decrypt_time_ms
50,7.0122200006153435,95.80693999887444
100,2.132060000440106,95.86492001544684
150,2.7471800101920962,92.45060000102967
190,2.331419999245554,91.33002000162378
